{
    "stats": {
        "velocity": [
            2720.10009765625,
            12.789999961853027,
            4.849999904632568,
            3.109999895095825,
            2.6600000858306885,
            2.3499999046325684,
            2.240000009536743,
            2.1600000858306885,
            2.4200000762939453,
            2.2699999809265137,
            2.1500000953674316,
            2.4100000858306885,
            2.9000000953674316,
            2.690000057220459,
            3.259999990463257,
            3.359999895095825,
            4.139999866485596,
            4.090000152587891,
            3.9200000762939453,
            3.7300000190734863
        ],
        "lon_accel": [
            57523.83984375,
            239.94000244140625,
            85.38999938964844,
            46.77000045776367,
            31.770000457763672,
            28.06999969482422,
            20.190000534057617,
            14.34000015258789,
            13.729999542236328,
            9.770000457763672,
            9.989999771118164,
            10.630000114440918,
            10.140000343322754,
            9.569999694824219,
            8.989999771118164,
            9.600000381469727,
            8.3100004196167,
            7.929999828338623,
            9.020000457763672,
            9.670000076293945
        ],
        "lat_accel": [
            57873.94140625,
            281.8599853515625,
            104.30000305175781,
            55.4900016784668,
            33.16999816894531,
            26.8799991607666,
            23.739999771118164,
            20.149999618530273,
            18.489999771118164,
            17.0,
            13.59000015258789,
            14.369999885559082,
            14.649999618530273,
            14.550000190734863,
            14.380000114440918,
            13.220000267028809,
            12.380000114440918,
            14.050000190734863,
            13.0600004196167,
            14.289999961853027
        ],
        "jerk": [
            2304.820068359375,
            23.329999923706055,
            18.979999542236328,
            16.540000915527344,
            12.210000038146973,
            8.880000114440918,
            7.309999942779541,
            5.980000019073486,
            5.170000076293945,
            3.940000057220459,
            3.2899999618530273,
            2.799999952316284,
            2.3399999141693115,
            1.8300000429153442,
            1.899999976158142,
            1.5,
            1.5700000524520874,
            1.190000057220459,
            0.9700000286102295,
            0.8500000238418579
        ]
    },
    "ticks": {
        "velocity": [
            0.0,
            1.5,
            3.0,
            4.5,
            6.0,
            7.5,
            9.0,
            10.5,
            12.0,
            13.5,
            15.0,
            16.5,
            18.0,
            19.5,
            21.0,
            22.5,
            24.0,
            25.5,
            27.0,
            28.5,
            30.0
        ],
        "lon_accel": [
            0.0,
            0.5,
            1.0,
            1.5,
            2.0,
            2.5,
            3.0,
            3.5,
            4.0,
            4.5,
            5.0,
            5.5,
            6.0,
            6.5,
            7.0,
            7.5,
            8.0,
            8.5,
            9.0,
            9.5,
            10.0
        ],
        "lat_accel": [
            0.0,
            0.5,
            1.0,
            1.5,
            2.0,
            2.5,
            3.0,
            3.5,
            4.0,
            4.5,
            5.0,
            5.5,
            6.0,
            6.5,
            7.0,
            7.5,
            8.0,
            8.5,
            9.0,
            9.5,
            10.0
        ],
        "jerk": [
            0.0,
            1.0,
            2.0,
            3.0,
            4.0,
            5.0,
            6.0,
            7.0,
            8.0,
            9.0,
            10.0,
            11.0,
            12.0,
            13.0,
            14.0,
            15.0,
            16.0,
            17.0,
            18.0,
            19.0,
            20.0
        ]
    }
}